model,avg_accuracy,std_accuracy,overall_accuracy,avg_precision,std_precision,overall_precision,avg_recall,std_recall,overall_recall,avg_f1_score,std_f1_score,overall_f1_score
random forest,0.5179763186221743,0.023938326155294096,0.5179763186221744,0.5298469405607072,0.03025706098183402,0.5282661617527725,0.7993230859449157,0.06305801914109013,0.7977941176470589,0.6351476912266227,0.021240127552584268,0.6356387306753458
XGBoost,0.4980624327233584,0.013122249866658959,0.49806243272335843,0.524867764073771,0.026150252666270416,0.5229647151586833,0.5432505084031338,0.039902046196458,0.5418709150326797,0.532023028108636,0.011055394819312945,0.532249974922259
linear regression,0.5145317545748116,0.015268566825831768,0.5145317545748116,0.5289510949358454,0.02522397369559855,0.5283323546682326,0.7360157823826693,0.050121161528390176,0.7350898692810458,0.614212174130653,0.02056740665047121,0.6147933037239495
decision tree,0.5051668460710441,0.02145871350400697,0.5051668460710441,0.5232458127101735,0.027201689008837782,0.5233411397345824,0.6857732165182538,0.1492124060155796,0.684640522875817,0.5856900261760949,0.06641133501531402,0.5932218387753296
gradient boosting,0.5034445640473627,0.017922093240466192,0.5034445640473627,0.5289663632001107,0.024376242077100707,0.5275774702786981,0.554931949140577,0.05715075152101898,0.5529003267973857,0.5393350972228383,0.02468458056359833,0.5399421561783185
k-nearest neighbors,0.5102260495156081,0.016766008587674942,0.5102260495156081,0.5323002654031327,0.032807215837447154,0.5305978068623983,0.6130887459973349,0.0714551239435684,0.6127450980392157,0.5669084039075527,0.02966111000021379,0.5687203791469194
