model,avg_accuracy,std_accuracy,overall_accuracy,avg_precision,std_precision,overall_precision,avg_recall,std_recall,overall_recall,avg_f1_score,std_f1_score,overall_f1_score
random forest,0.5485195797516714,0.02291089320354787,0.5485195797516714,0.5200541849217853,0.033556470823813016,0.5128504672897196,0.5460905443104178,0.1398439197313904,0.5420868491459148,0.5197573930998383,0.060913600829492105,0.5270635317658829
XGBoost,0.5595988538681949,0.009045349047218204,0.5595988538681949,0.526460228000424,0.029105744968761303,0.5252957976336189,0.5307918815677726,0.052525270452565734,0.5299444330109075,0.5264763586602882,0.024768071312309552,0.5276098760372913
linear regression,0.5255014326647565,0.01704168628820702,0.5255014326647565,0.5016491597070308,0.06196479470733064,0.48170527022490767,0.29562552472548076,0.1336349225615838,0.2953282568429718,0.3482868849120965,0.09820785505150034,0.3661648379688696
decision tree,0.5579751671442216,0.013288046066428798,0.5579751671442216,0.5194881152316984,0.02752637007326502,0.5185960392851393,0.6635070156245251,0.061444908738979585,0.6628935995060712,0.5806890535136577,0.025317483680782,0.58193315266486
gradient boosting,0.5575931232091691,0.013746947354591832,0.5575931232091691,0.523478033982131,0.024957750031492337,0.5224441368400238,0.5448470456510506,0.0449656054087071,0.5437332784523564,0.5322426484401969,0.021255370196211036,0.5328761597418313
k-nearest neighbors,0.526647564469914,0.01950015268762602,0.526647564469914,0.4936908496515569,0.037681039443443594,0.4894588133014562,0.4637426897276621,0.08729285090405793,0.4634698497633258,0.47239878914386874,0.03562871198224393,0.47610993657505285
