model,avg_mae,std_mae,avg_rmse,std_rmse,avg_r2,std_r2
rf_reg,6.968496471150251,2.784501511179906,14.171521595046821,7.66865088816022,0.9815577166351053,0.01637515753150394
xgb_reg,8.456775095542358,3.6135912142653575,17.147435730787794,9.507581349600738,0.9753673927393434,0.017883964178473478
lin_reg,3.6212901938123885,1.0060404264149776,5.827979883023275,1.6666162718859316,0.9971011862255281,0.0010931603562276376
dt_reg,8.044521489799763,3.148249272103728,15.457350222448275,8.204519600756537,0.9789293553430513,0.017953213637501315
gbr_reg,7.1460083623499715,2.78704683026318,14.420078509013887,7.631319725913167,0.9805642672778425,0.017146888956762394
knn_reg,18.783035318288725,6.202704494324019,29.23683041577388,11.553743774911338,0.9319741460106448,0.027204449414075887
